Region,Sales,Profit,Profit Margin,Order ID
Central,501239.8908,39706.3625,-10.407313818338356,2323
East,678781.24,91522.78,16.7227106741573,2848
South,391721.905,46749.4303,16.351876543209876,1620
West,725457.8245,108418.4489,21.94866687480487,3203
