Ship Mode,Sales,Profit,Shipping Days,Order ID
First Class,351428.4229,48969.8399,2.182704811443433,1538
Same Day,128363.125,15891.7589,0.04419889502762431,543
Second Class,459193.5694,57446.6354,3.2380462724935732,1945
Standard Class,1358215.743,164088.7875,5.006534852546917,5968
